K,seed,country,i,j,dist
2,0,Austria,0,1,1.7838427630976954
2,0,Belgium,0,1,1.1822636917198281
2,0,Bulgaria,1,0,2.874413168708081
2,0,Croatia,1,0,2.4386334140225117
2,0,Czech Republic,1,1,1.4834068536003362
2,0,Denmark,0,1,1.2108735735715284
2,0,Estonia,1,0,2.636012777902555
2,0,Finland,0,1,1.2978322441988919
2,0,Germany,0,1,1.7818541394037322
2,0,Greece,1,0,3.825140959084169
2,0,Hungary,1,0,1.4460790014530214
2,0,Iceland,0,1,2.5340254528158344
2,0,Ireland,0,1,2.5952496754273255
2,0,Italy,0,1,1.5153250853051525
2,0,Latvia,1,0,2.644412652510308
2,0,Lithuania,1,0,2.115299961033308
2,0,Luxembourg,0,1,4.17585658261274
2,0,Netherlands,0,1,1.907717626112787
2,0,Norway,0,1,2.7100116209672063
2,0,Poland,1,0,1.5551024461568537
2,0,Portugal,1,0,1.2883813779974613
2,0,Slovakia,1,0,1.4654963715974378
2,0,Slovenia,1,0,1.6165938502188648
2,0,Spain,0,0,3.6459650432791295
2,0,Sweden,0,1,2.054778393996083
2,0,Switzerland,0,1,3.4509801814704426
2,0,Ukraine,1,0,5.666014509508199
2,0,United Kingdom,0,1,2.0417611807734946
2,1,Austria,0,0,1.8187559905869286
2,1,Belgium,0,0,1.2152616367223539
2,1,Bulgaria,1,1,2.839520244920061
2,1,Croatia,1,1,2.4353362238165883
2,1,Czech Republic,0,1,1.4923974450234991
2,1,Denmark,0,0,1.2459106635439947
2,1,Estonia,1,1,2.6014228575748684
2,1,Finland,0,0,1.3041312650068055
2,1,Germany,0,0,1.7910397768473933
2,1,Greece,1,1,3.836476605407971
2,1,Hungary,1,1,1.4048037566261518
2,1,Iceland,0,0,2.549202568920273
2,1,Ireland,0,0,2.5980033332669117
2,1,Italy,0,0,1.5145974293374782
2,1,Latvia,1,1,2.606303781326371
2,1,Lithuania,1,1,2.0890957143341864
2,1,Luxembourg,0,0,4.218904128135201
2,1,Netherlands,0,0,1.9467015122386058
2,1,Norway,0,0,2.7413803519918405
2,1,Poland,1,1,1.5196023379844266
2,1,Portugal,1,1,1.289535362314595
2,1,Slovakia,1,1,1.4433450060462762
2,1,Slovenia,1,1,1.630231531552618
2,1,Spain,0,0,3.626337212103216
2,1,Sweden,0,0,2.0616666119748808
2,1,Switzerland,0,0,3.4771092003560953
2,1,Ukraine,1,1,5.621848649974042
2,1,United Kingdom,0,0,2.0571998339147353
2,2,Austria,0,1,1.8220200706917908
2,2,Belgium,0,1,1.2142303521822477
2,2,Bulgaria,1,0,2.864225603542944
2,2,Croatia,1,0,2.4027222896126235
2,2,Czech Republic,1,1,1.4956971050899208
2,2,Denmark,0,1,1.2495445575769728
2,2,Estonia,1,0,2.6259311367559164
2,2,Finland,0,1,1.3004651364747908
2,2,Germany,0,1,1.8031739433724183
2,2,Greece,1,0,3.7911660654755277
2,2,Hungary,1,0,1.4308281233762157
2,2,Iceland,0,1,2.552735751789207
2,2,Ireland,0,1,2.601211528093515
2,2,Italy,0,1,1.5200061471564161
2,2,Latvia,1,0,2.6411067064303366
2,2,Lithuania,1,0,2.104185072623061
2,2,Luxembourg,0,1,4.210407121329808
2,2,Netherlands,0,1,1.9486973109778751
2,2,Norway,0,1,2.7462092371883906
2,2,Poland,1,0,1.533323308115473
2,2,Portugal,1,0,1.2474821934517668
2,2,Slovakia,1,0,1.4519373347402122
2,2,Slovenia,1,0,1.61314875121726
2,2,Spain,0,0,3.628701757005791
2,2,Sweden,0,1,2.06703120927861
2,2,Switzerland,0,1,3.4881197649656768
2,2,Ukraine,1,0,5.665720721076015
2,2,United Kingdom,0,1,2.0348447905879583
2,3,Austria,1,0,1.7796028025259394
2,3,Belgium,1,0,1.1808563738355098
2,3,Bulgaria,0,1,2.832830442546387
2,3,Croatia,0,1,2.445530341298884
2,3,Czech Republic,0,0,1.4986274886895423
2,3,Denmark,1,0,1.2083891309976722
2,3,Estonia,0,1,2.6092188276565618
2,3,Finland,1,0,1.2890275231788395
2,3,Germany,1,0,1.7736665837568097
2,3,Greece,0,1,3.8153405614160327
2,3,Hungary,0,1,1.4211862633144616
2,3,Iceland,1,0,2.5442294525424813
2,3,Ireland,1,0,2.615957513203538
2,3,Italy,1,0,1.5198219854340913
2,3,Latvia,0,1,2.634035939778151
2,3,Lithuania,0,1,2.1318586547853045
2,3,Luxembourg,1,0,4.182898494434421
2,3,Netherlands,1,0,1.90830645832061
2,3,Norway,1,0,2.706416348488448
2,3,Poland,0,1,1.5492857992258469
2,3,Portugal,0,1,1.285167053408872
2,3,Slovakia,0,1,1.485212026063344
2,3,Slovenia,0,1,1.6185436785613214
2,3,Spain,1,0,3.672495734108229
2,3,Sweden,1,0,2.0544961331585756
2,3,Switzerland,1,0,3.4559781213129166
2,3,Ukraine,0,1,5.6461540263878405
2,3,United Kingdom,1,0,2.0390246789717197
2,4,Austria,1,0,1.846976042289764
2,4,Belgium,1,0,1.2403333413382722
2,4,Bulgaria,0,1,2.758529651403849
2,4,Croatia,0,1,2.4143533633556484
2,4,Czech Republic,1,1,1.5105318138007107
2,4,Denmark,1,0,1.281201509804956
2,4,Estonia,0,1,2.5340354736539417
2,4,Finland,1,0,1.277046166235727
2,4,Germany,1,0,1.7953821906580574
2,4,Greece,0,1,3.7979790999341945
2,4,Hungary,0,1,1.3427217031084888
2,4,Iceland,1,0,2.6096846717261664
2,4,Ireland,1,0,2.6750865360817397
2,4,Italy,1,0,1.5439095621974905
2,4,Latvia,0,1,2.5671289534060224
2,4,Lithuania,0,1,2.0835617504679766
2,4,Luxembourg,1,0,4.265639411018884
2,4,Netherlands,1,0,1.9906813999222188
2,4,Norway,1,0,2.7674582614018806
2,4,Poland,0,1,1.4629151145396109
2,4,Portugal,0,1,1.2598579466352682
2,4,Slovakia,0,1,1.4513056137763127
2,4,Slovenia,0,1,1.6486310948344527
2,4,Spain,1,0,3.66343780155632
2,4,Sweden,1,0,2.0792189010219846
2,4,Switzerland,1,0,3.540588346855697
2,4,Ukraine,0,1,5.562434770386048
2,4,United Kingdom,1,0,2.026386021460387
2,5,Austria,0,0,1.8092795172797778
2,5,Belgium,0,0,1.206137363340378
2,5,Bulgaria,1,1,2.8333586746229598
2,5,Croatia,1,1,2.4290313978634397
2,5,Czech Republic,1,1,1.4894752413597314
2,5,Denmark,0,0,1.2426496757421277
2,5,Estonia,1,1,2.603213304161619
2,5,Finland,0,0,1.2802218284501703
2,5,Germany,0,0,1.78109314073627
2,5,Greece,1,1,3.8199261091378305
2,5,Hungary,1,1,1.408797686358446
2,5,Iceland,0,0,2.5619223816942918
2,5,Ireland,0,0,2.625136247865091
2,5,Italy,0,0,1.5134261649852718
2,5,Latvia,1,1,2.6189496843092313
2,5,Lithuania,1,1,2.106412215965174
2,5,Luxembourg,0,0,4.212044060090447
2,5,Netherlands,0,0,1.9389394750084405
2,5,Norway,0,0,2.729290958524075
2,5,Poland,1,1,1.5505548514552396
2,5,Portugal,1,1,1.2753427616773805
2,5,Slovakia,1,1,1.457970677707689
2,5,Slovenia,1,1,1.6027454218324515
2,5,Spain,0,0,3.6516548880144417
2,5,Sweden,0,0,2.054471538548677
2,5,Switzerland,0,0,3.486695726966793
2,5,Ukraine,1,1,5.653052822998993
2,5,United Kingdom,0,0,2.0267365859674733
2,6,Austria,0,0,1.8296208567266319
2,6,Belgium,0,0,1.2203853052431548
2,6,Bulgaria,1,1,2.8610709736878195
2,6,Croatia,1,1,2.40781346854295
2,6,Czech Republic,1,0,1.5015481996915543
2,6,Denmark,0,0,1.2485484635448514
2,6,Estonia,1,1,2.6298392288022687
2,6,Finland,0,0,1.3254853676332157
2,6,Germany,0,0,1.8208664412025393
2,6,Greece,1,1,3.7822835991295234
2,6,Hungary,1,1,1.4345802924599877
2,6,Iceland,0,0,2.542690956734726
2,6,Ireland,0,0,2.578184694345402
2,6,Italy,0,0,1.5318901984508615
2,6,Latvia,1,1,2.6534577002386377
2,6,Lithuania,1,1,2.1244760252599946
2,6,Luxembourg,0,0,4.208749498024833
2,6,Netherlands,0,0,1.9544968947058763
2,6,Norway,0,0,2.7582288577827145
2,6,Poland,1,1,1.541469068131553
2,6,Portugal,1,1,1.2431592926712947
2,6,Slovakia,1,1,1.4682677336109562
2,6,Slovenia,1,1,1.6142344497601955
2,6,Spain,0,0,3.620357236155556
2,6,Sweden,0,0,2.0816162420216866
2,6,Switzerland,0,0,3.4809503142546494
2,6,Ukraine,1,1,5.670968078480717
2,6,United Kingdom,0,0,2.0568112065371036
2,7,Austria,1,1,1.794140839583901
2,7,Belgium,1,1,1.1830047764892957
2,7,Bulgaria,0,0,2.883663784775881
2,7,Croatia,0,0,2.430895570362894
2,7,Czech Republic,1,1,1.4941680340781853
2,7,Denmark,1,1,1.1994190358070338
2,7,Estonia,0,0,2.6434835719556156
2,7,Finland,1,1,1.3136755105651927
2,7,Germany,1,1,1.792146509361967
2,7,Greece,0,0,3.80254301499442
2,7,Hungary,0,0,1.4550990900391934
2,7,Iceland,1,1,2.541355511565923
2,7,Ireland,1,1,2.5790445099602546
2,7,Italy,1,1,1.5148694585429858
2,7,Latvia,0,0,2.6578271936819
2,7,Lithuania,0,0,2.1207214500064113
2,7,Luxembourg,1,1,4.176269173046438
2,7,Netherlands,1,1,1.8934390599420792
2,7,Norway,1,1,2.705527628476018
2,7,Poland,0,0,1.5248075081228392
2,7,Portugal,0,0,1.2695876119852663
2,7,Slovakia,0,0,1.4708870758782888
2,7,Slovenia,0,0,1.6461450208477457
2,7,Spain,0,0,3.6258308915537056
2,7,Sweden,1,1,2.069340620425287
2,7,Switzerland,1,1,3.4301922551788633
2,7,Ukraine,0,0,5.651917058806999
2,7,United Kingdom,1,1,2.052059884113228
2,8,Austria,0,1,1.8549016143761874
2,8,Belgium,0,1,1.216720599124661
2,8,Bulgaria,1,0,2.8752671368918192
2,8,Croatia,1,0,2.444441612943684
2,8,Czech Republic,1,0,1.4514742997554853
2,8,Denmark,0,1,1.2500130290089122
2,8,Estonia,1,0,2.6391500057185033
2,8,Finland,0,1,1.316124383021504
2,8,Germany,0,1,1.8205638820270498
2,8,Greece,1,0,3.8531316337267385
2,8,Hungary,1,0,1.4365611947559145
2,8,Iceland,0,1,2.5917101131710396
2,8,Ireland,0,1,2.5951142389019015
2,8,Italy,0,1,1.5111965420637012
2,8,Latvia,1,0,2.6362586112547866
2,8,Lithuania,1,0,2.109002741515539
2,8,Luxembourg,0,1,4.234839071457081
2,8,Netherlands,0,1,1.9350177038988534
2,8,Norway,0,1,2.7513484955332417
2,8,Poland,1,0,1.5993590847275396
2,8,Portugal,1,0,1.2971143913598993
2,8,Slovakia,1,0,1.4482543617367976
2,8,Slovenia,1,0,1.5819775011654025
2,8,Spain,0,1,3.6341003117085466
2,8,Sweden,0,1,2.095240894945022
2,8,Switzerland,0,1,3.477993183351308
2,8,Ukraine,1,0,5.694571075967475
2,8,United Kingdom,0,1,2.033492009192202
2,9,Austria,0,1,1.8081726667553297
2,9,Belgium,0,1,1.1996835878001924
2,9,Bulgaria,1,0,2.87502448610205
2,9,Croatia,1,0,2.443182129976857
2,9,Czech Republic,1,0,1.4889560386988316
2,9,Denmark,0,1,1.217709455350386
2,9,Estonia,1,0,2.6416023096967214
2,9,Finland,0,1,1.2988031941128295
2,9,Germany,0,1,1.7879531657136498
2,9,Greece,1,0,3.8287512000088704
2,9,Hungary,1,0,1.4442288854187435
2,9,Iceland,0,1,2.546880681833427
2,9,Ireland,0,1,2.5741241448973504
2,9,Italy,0,1,1.5023213929715713
2,9,Latvia,1,0,2.6528910582438807
2,9,Lithuania,1,0,2.132869798125895
2,9,Luxembourg,0,1,4.174481970083125
2,9,Netherlands,0,1,1.9016546224566315
2,9,Norway,0,1,2.7000207173803576
2,9,Poland,1,0,1.5802877973889988
2,9,Portugal,1,0,1.2894943337526519
2,9,Slovakia,1,0,1.4698771439438043
2,9,Slovenia,1,0,1.6057207247748462
2,9,Spain,0,1,3.6376221575719954
2,9,Sweden,0,1,2.0546428669661285
2,9,Switzerland,0,1,3.4369553777923953
2,9,Ukraine,1,0,5.68083959757715
2,9,United Kingdom,0,1,2.037429066786823
3,0,Austria,0,2,1.5445554486698638
3,0,Belgium,0,2,1.0822053167710024
3,0,Bulgaria,2,0,2.501699919367127
3,0,Croatia,2,0,2.1837241471000937
3,0,Czech Republic,2,2,1.3807118202789836
3,0,Denmark,0,2,0.9974130632828703
3,0,Estonia,2,0,2.2495852667263736
3,0,Finland,0,1,1.2769010251043929
3,0,Germany,0,2,1.6717116091778355
3,0,Greece,2,0,3.6631201734768455
3,0,Hungary,2,0,1.0816225790189031
3,0,Iceland,0,2,2.2791648397143756
3,0,Ireland,0,2,2.403197945172394
3,0,Italy,0,2,1.3856821874862413
3,0,Latvia,2,0,2.3240576003979636
3,0,Lithuania,2,0,1.8667259817095023
3,0,Luxembourg,0,2,3.8361127276600766
3,0,Netherlands,0,2,1.561728857598795
3,0,Norway,0,2,2.3915315531153767
3,0,Poland,2,0,1.2245678218035718
3,0,Portugal,2,0,1.142624364262144
3,0,Slovakia,2,0,1.3292893114355588
3,0,Slovenia,2,2,1.572141903061562
3,0,Spain,0,0,3.565879767190694
3,0,Sweden,0,2,1.8936201783493765
3,0,Switzerland,0,2,3.06825169529737
3,0,Ukraine,2,0,5.388040763686093
3,0,United Kingdom,0,0,1.9950191722778436
3,1,Austria,0,0,1.59027997325509
3,1,Belgium,0,1,1.1301780246226245
3,1,Bulgaria,2,2,2.5005526151205193
3,1,Croatia,2,2,2.1363818950132463
3,1,Czech Republic,0,2,1.4345822666315273
3,1,Denmark,0,0,1.068573117409381
3,1,Estonia,2,2,2.227679921538945
3,1,Finland,1,0,1.259493605490017
3,1,Germany,0,0,1.6422854213279985
3,1,Greece,2,2,3.697115110486107
3,1,Hungary,2,2,1.0459271523323286
3,1,Iceland,0,0,2.2905500395640073
3,1,Ireland,0,0,2.4062689097947416
3,1,Italy,0,0,1.3006408349340604
3,1,Latvia,2,2,2.2633172875281784
3,1,Lithuania,2,2,1.7814442180650563
3,1,Luxembourg,0,0,3.8669751311777114
3,1,Netherlands,0,0,1.5894677812718818
3,1,Norway,0,0,2.380610834162625
3,1,Poland,2,2,1.2331383987094928
3,1,Portugal,2,2,1.162784350991774
3,1,Slovakia,2,2,1.2581394514293518
3,1,Slovenia,1,2,1.5811983943014138
3,1,Spain,2,0,3.5536474586824887
3,1,Sweden,0,0,1.8273163577123328
3,1,Switzerland,0,0,3.093771319705706
3,1,Ukraine,2,2,5.398644500331824
3,1,United Kingdom,1,0,2.018972995674466
3,2,Austria,2,0,1.5869120805727865
3,2,Belgium,2,0,1.1192145599454253
3,2,Bulgaria,0,2,2.4796077929275735
3,2,Croatia,0,2,2.1321499561877197
3,2,Czech Republic,2,2,1.4782818917302083
3,2,Denmark,2,0,1.0483158446014136
3,2,Estonia,0,2,2.2139350469466206
3,2,Finland,1,0,1.2610110556873069
3,2,Germany,2,0,1.6818506865331004
3,2,Greece,0,2,3.6677671114460932
3,2,Hungary,0,2,1.0390428057217986
3,2,Iceland,2,0,2.2908104494233883
3,2,Ireland,2,0,2.392921620994484
3,2,Italy,2,0,1.333209818052119
3,2,Latvia,0,2,2.2735680065120056
3,2,Lithuania,0,2,1.8097261274609835
3,2,Luxembourg,2,0,3.8298294129716317
3,2,Netherlands,2,0,1.5717139239756601
3,2,Norway,2,0,2.3872162381866926
3,2,Poland,0,2,1.226336761630195
3,2,Portugal,0,2,1.1466381236846734
3,2,Slovakia,0,2,1.2836150295843662
3,2,Slovenia,1,2,1.589141146091609
3,2,Spain,0,0,3.5816215208008226
3,2,Sweden,2,0,1.861926781561635
3,2,Switzerland,2,0,3.092649910984953
3,2,Ukraine,0,2,5.3910312208599604
3,2,United Kingdom,1,0,2.000767136898008
3,3,Austria,2,0,1.6668879064434696
3,3,Belgium,2,1,1.158182756626573
3,3,Bulgaria,0,2,2.4827665743405465
3,3,Croatia,0,2,2.212804189006707
3,3,Czech Republic,2,2,1.4950077317863948
3,3,Denmark,2,0,1.14575809463387
3,3,Estonia,0,2,2.2341911166208037
3,3,Finland,2,0,1.1897280940197927
3,3,Germany,2,0,1.6404650123829112
3,3,Greece,0,2,3.7270525725177523
3,3,Hungary,0,2,1.0407794696618538
3,3,Iceland,2,0,2.393402261064505
3,3,Ireland,2,0,2.4858535548407428
3,3,Italy,2,0,1.3066950997597486
3,3,Latvia,0,2,2.294728636663247
3,3,Lithuania,0,2,1.8666926735372185
3,3,Luxembourg,2,0,3.9492762573072504
3,3,Netherlands,2,0,1.6897057306447505
3,3,Norway,2,0,2.43629433300236
3,3,Poland,0,2,1.3404292855841704
3,3,Portugal,0,2,1.184269581163345
3,3,Slovakia,0,2,1.3025462868221234
3,3,Slovenia,0,2,1.5770664296234227
3,3,Spain,2,0,3.633321972211781
3,3,Sweden,2,0,1.8286821490055802
3,3,Switzerland,2,0,3.2254998428730146
3,3,Ukraine,0,2,5.43562641506968
3,3,United Kingdom,2,0,1.9476253404719865
3,4,Austria,2,2,1.6151840987878627
3,4,Belgium,2,2,1.1285665206518851
3,4,Bulgaria,0,0,2.3591094409517726
3,4,Croatia,0,0,2.134034908082614
3,4,Czech Republic,2,0,1.4824309053615912
3,4,Denmark,2,2,1.073234166672178
3,4,Estonia,0,0,2.129799986558561
3,4,Finland,1,2,1.2553967202775576
3,4,Germany,2,2,1.670683863091536
3,4,Greece,0,0,3.654188533907794
3,4,Hungary,0,0,0.9470959486708953
3,4,Iceland,2,2,2.335091428775909
3,4,Ireland,2,2,2.4428882096577866
3,4,Italy,2,2,1.3461567470751128
3,4,Latvia,0,0,2.227516483423803
3,4,Lithuania,0,0,1.834777978693327
3,4,Luxembourg,2,2,3.911326048545769
3,4,Netherlands,2,2,1.6402899960337003
3,4,Norway,2,2,2.4391866416936385
3,4,Poland,0,0,1.2406426691310701
3,4,Portugal,0,0,1.149400062516242
3,4,Slovakia,0,0,1.3234714940764627
3,4,Slovenia,1,0,1.580271567969883
3,4,Spain,1,2,3.662706225463778
3,4,Sweden,2,2,1.87413034680912
3,4,Switzerland,2,2,3.162436681043527
3,4,Ukraine,0,0,5.3576864285880035
3,4,United Kingdom,1,2,1.9977129733065855
3,5,Austria,0,0,1.5252982647544937
3,5,Belgium,0,0,1.0399496275550253
3,5,Bulgaria,2,2,2.4539101852772833
3,5,Croatia,2,2,2.156341648644404
3,5,Czech Republic,0,2,1.4549416112434896
3,5,Denmark,0,0,0.963709074756867
3,5,Estonia,2,2,2.181369516192501
3,5,Finland,1,0,1.2913091063694815
3,5,Germany,0,0,1.660593021322292
3,5,Greece,2,2,3.64847017426349
3,5,Hungary,2,2,1.0258241631077805
3,5,Iceland,0,0,2.323849379397141
3,5,Ireland,0,0,2.478503135630414
3,5,Italy,0,0,1.407587225157354
3,5,Latvia,2,2,2.2670558044391003
3,5,Lithuania,2,2,1.811466077823895
3,5,Luxembourg,0,0,3.88391982459171
3,5,Netherlands,0,0,1.5604603494477671
3,5,Norway,0,0,2.4109556514187718
3,5,Poland,2,2,1.1808358945543542
3,5,Portugal,2,2,1.1233741277171827
3,5,Slovakia,2,2,1.2942700767775195
3,5,Slovenia,1,2,1.5882625709538438
3,5,Spain,2,0,3.629001214025559
3,5,Sweden,0,0,1.9243022076255625
3,5,Switzerland,0,0,3.1010104631655975
3,5,Ukraine,2,2,5.341695814575592
3,5,United Kingdom,1,0,2.039901647101388
3,6,Austria,2,0,1.6360161149332368
3,6,Belgium,2,1,1.1643376166173198
3,6,Bulgaria,0,2,2.4876027086108907
3,6,Croatia,0,2,2.11910795782421
3,6,Czech Republic,2,2,1.4975912982013213
3,6,Denmark,2,0,1.094888630043983
3,6,Estonia,0,2,2.211338688797355
3,6,Finland,1,0,1.2890444417830282
3,6,Germany,2,0,1.683402693468773
3,6,Greece,0,2,3.686753042271993
3,6,Hungary,0,2,1.0193775907843732
3,6,Iceland,2,0,2.292590078083022
3,6,Ireland,2,0,2.3466523301870588
3,6,Italy,2,0,1.2884665216113877
3,6,Latvia,0,2,2.2580806950422287
3,6,Lithuania,0,2,1.7838873374618376
3,6,Luxembourg,2,0,3.8359530516527274
3,6,Netherlands,2,0,1.5845521130121083
3,6,Norway,2,0,2.378403648379659
3,6,Poland,0,2,1.2836765927016933
3,6,Portugal,0,2,1.1376149204608221
3,6,Slovakia,0,2,1.2391382836600804
3,6,Slovenia,1,2,1.5699170923036512
3,6,Spain,1,0,3.6095485326571106
3,6,Sweden,2,0,1.8356504038896064
3,6,Switzerland,2,0,3.078848609523228
3,6,Ukraine,0,2,5.431171726267511
3,6,United Kingdom,2,0,2.0097677334655795
3,7,Austria,2,2,1.6082781721978567
3,7,Belgium,2,2,1.1310636633455575
3,7,Bulgaria,0,0,2.496588869118361
3,7,Croatia,0,0,2.144984769247923
3,7,Czech Republic,0,2,1.4380617934935598
3,7,Denmark,2,2,1.0532251434893682
3,7,Estonia,0,0,2.2389187412197833
3,7,Finland,2,1,1.2549613135472801
3,7,Germany,2,2,1.6513814194143759
3,7,Greece,0,0,3.679892612107557
3,7,Hungary,0,0,1.0595133706958775
3,7,Iceland,2,2,2.3289489006017052
3,7,Ireland,2,2,2.403478746997136
3,7,Italy,2,2,1.3045861660765055
3,7,Latvia,0,0,2.28718931438847
3,7,Lithuania,0,0,1.8179325301872837
3,7,Luxembourg,2,2,3.865527906617234
3,7,Netherlands,2,2,1.5610313965698819
3,7,Norway,2,2,2.365293100694285
3,7,Poland,0,0,1.2142219014999758
3,7,Portugal,0,0,1.1602007999937825
3,7,Slovakia,0,0,1.2947335446089148
3,7,Slovenia,0,1,1.572450925706757
3,7,Spain,2,0,3.55457792512023
3,7,Sweden,2,2,1.8513082345821354
3,7,Switzerland,2,2,3.075407913191076
3,7,Ukraine,0,0,5.388111552296373
3,7,United Kingdom,2,1,2.0103660750703036
3,8,Austria,2,0,1.579171226777229
3,8,Belgium,2,0,1.1101528570493935
3,8,Bulgaria,0,2,2.4502247983490983
3,8,Croatia,0,2,2.130561218984334
3,8,Czech Republic,2,2,1.4452887921778348
3,8,Denmark,2,0,1.0267340682010873
3,8,Estonia,0,2,2.1771792322759507
3,8,Finland,1,0,1.2979922049618149
3,8,Germany,2,0,1.6726381929935297
3,8,Greece,0,2,3.7041804719371583
3,8,Hungary,0,2,0.9839335355840529
3,8,Iceland,2,0,2.28259553169513
3,8,Ireland,2,0,2.3811683850897247
3,8,Italy,2,0,1.3184365435641976
3,8,Latvia,0,2,2.2247587883584647
3,8,Lithuania,0,2,1.7699159083317337
3,8,Luxembourg,2,0,3.8505132888819373
3,8,Netherlands,2,0,1.547685284847318
3,8,Norway,2,0,2.3833038004763885
3,8,Poland,0,2,1.2821785529039489
3,8,Portugal,0,2,1.1563803011117046
3,8,Slovakia,0,2,1.2368674648477902
3,8,Slovenia,1,2,1.565432849080601
3,8,Spain,0,0,3.618197387103447
3,8,Sweden,2,0,1.8694268190138743
3,8,Switzerland,2,0,3.0561056168451155
3,8,Ukraine,0,2,5.408285330636016
3,8,United Kingdom,1,0,2.0346011362139413
3,9,Austria,2,0,1.6017387074427392
3,9,Belgium,2,1,1.1288447981260277
3,9,Bulgaria,0,2,2.457698061512345
3,9,Croatia,0,2,2.167650346785463
3,9,Czech Republic,2,2,1.4484859995657065
3,9,Denmark,2,0,1.0301748996477267
3,9,Estonia,0,2,2.197069758072427
3,9,Finland,1,0,1.2735235609235955
3,9,Germany,2,0,1.6616517865804452
3,9,Greece,0,2,3.7125459650038293
3,9,Hungary,0,2,1.0001367856634598
3,9,Iceland,2,0,2.318984573113413
3,9,Ireland,2,0,2.3783805668003826
3,9,Italy,2,0,1.3064650033433376
3,9,Latvia,0,2,2.251175155354204
3,9,Lithuania,0,2,1.8135719875731602
3,9,Luxembourg,2,0,3.8224304505081705
3,9,Netherlands,2,0,1.5120360699999995
3,9,Norway,2,0,2.3247520500391192
3,9,Poland,0,2,1.2774754465228786
3,9,Portugal,0,2,1.1708954149714053
3,9,Slovakia,0,2,1.2681383723346895
3,9,Slovenia,1,2,1.5666727556928783
3,9,Spain,0,0,3.6116669950674605
3,9,Sweden,2,0,1.856195220482806
3,9,Switzerland,2,0,3.0189739889177427
3,9,Ukraine,0,2,5.394171096868823
3,9,United Kingdom,1,0,2.0228392056702997
4,0,Austria,0,1,1.6350486561193054
4,0,Belgium,0,2,1.1371129219589893
4,0,Bulgaria,3,3,2.382067545113239
4,0,Croatia,3,3,2.1875439596074244
4,0,Czech Republic,1,3,1.4697202266450928
4,0,Denmark,0,1,1.100851638582483
4,0,Estonia,3,3,2.1170216840166014
4,0,Finland,1,0,1.2320424086337127
4,0,Germany,0,0,1.6559925878806583
4,0,Greece,3,2,3.7303162806547703
4,0,Hungary,3,3,0.9255072690263925
4,0,Iceland,0,0,2.275687932656109
4,0,Ireland,0,0,2.369082665858195
4,0,Italy,0,0,1.2714776521615598
4,0,Latvia,3,3,2.184378689107837
4,0,Lithuania,3,3,1.792115129303729
4,0,Luxembourg,0,0,3.8468490011438647
4,0,Netherlands,0,1,1.6547365696661518
4,0,Norway,0,0,2.3954769382796917
4,0,Poland,3,2,1.3133468396546568
4,0,Portugal,3,2,1.1805622090255083
4,0,Slovakia,3,3,1.2576112734729423
4,0,Slovenia,2,3,1.57292831356494
4,0,Spain,0,0,3.564465233797349
4,0,Sweden,0,0,1.7731795656225504
4,0,Switzerland,0,0,3.146613736268966
4,0,Ukraine,3,3,5.378199369154103
4,0,United Kingdom,1,0,1.966037833370718
4,1,Austria,3,0,1.6177423442238184
4,1,Belgium,2,0,1.1315080423312198
4,1,Bulgaria,0,3,2.1443020163073068
4,1,Croatia,0,3,1.9822118518866687
4,1,Czech Republic,3,3,1.4083828775004672
4,1,Denmark,2,0,1.0818611198653516
4,1,Estonia,0,3,1.8211817501703615
4,1,Finland,1,0,1.2898035636554128
4,1,Germany,3,0,1.6640353690275327
4,1,Greece,0,2,3.687114502106654
4,1,Hungary,0,3,0.7047237246932241
4,1,Iceland,3,0,2.233400773198357
4,1,Ireland,3,0,2.2485598937539715
4,1,Italy,3,0,1.2253918025927428
4,1,Latvia,0,3,1.8895604192757705
4,1,Lithuania,0,3,1.526547291905362
4,1,Luxembourg,3,0,3.651873216521164
4,1,Netherlands,3,0,1.381100351769878
4,1,Norway,3,0,2.1514187608136233
4,1,Poland,0,3,1.0581848160027874
4,1,Portugal,0,2,1.142607611588202
4,1,Slovakia,0,3,1.208776102316062
4,1,Slovenia,2,3,1.5556365367119327
4,1,Spain,3,1,3.6023818946125292
4,1,Sweden,3,0,1.7638735361799303
4,1,Switzerland,3,0,2.81310647249896
4,1,Ukraine,0,3,5.1221533088818205
4,1,United Kingdom,0,0,2.0118101747013335
4,2,Austria,3,3,1.4538976682425226
4,2,Belgium,3,3,0.9928781488011732
4,2,Bulgaria,0,0,2.482107194653917
4,2,Croatia,0,0,2.1259369122691596
4,2,Czech Republic,0,3,1.3953249951792484
4,2,Denmark,3,3,0.8802779730517755
4,2,Estonia,0,0,2.2050464891897317
4,2,Finland,3,1,1.2254681478179312
4,2,Germany,3,2,1.659950622145131
4,2,Greece,0,0,3.610573651977893
4,2,Hungary,0,0,1.0855255675546105
4,2,Iceland,3,3,2.2798713874439365
4,2,Ireland,3,3,2.46082129604074
4,2,Italy,3,2,1.37476113847331
4,2,Latvia,0,0,2.2836584117552974
4,2,Lithuania,0,0,1.8020761661530562
4,2,Luxembourg,3,3,3.797777674308413
4,2,Netherlands,3,3,1.447143746362888
4,2,Norway,3,3,2.348674525294665
4,2,Poland,0,0,1.0176927158588092
4,2,Portugal,0,0,1.1458059199719466
4,2,Slovakia,0,0,1.3351592028655734
4,2,Slovenia,0,3,1.5717397216342337
4,2,Spain,0,0,3.5789134460757372
4,2,Sweden,3,2,1.89286307176362
4,2,Switzerland,3,3,3.0019918465658284
4,2,Ukraine,0,0,5.256711762218629
4,2,United Kingdom,3,0,1.9529683631807713
4,3,Austria,3,0,1.4701925893070213
4,3,Belgium,3,1,1.0681049269521437
4,3,Bulgaria,0,3,2.049867493471622
4,3,Croatia,0,3,1.9971979228480035
4,3,Czech Republic,3,3,1.392650225486344
4,3,Denmark,3,1,0.9990988472892044
4,3,Estonia,0,3,1.7575082504527966
4,3,Finland,1,0,1.223090526592717
4,3,Germany,2,0,1.654722454645155
4,3,Greece,0,3,3.6003199412994533
4,3,Hungary,0,3,0.7374085689409596
4,3,Iceland,3,0,2.1697299847178693
4,3,Ireland,3,0,2.310591961354284
4,3,Italy,3,0,1.3298982608364347
4,3,Latvia,0,3,1.9159678396345479
4,3,Lithuania,0,3,1.6176968584324347
4,3,Luxembourg,3,0,3.5406560436594083
4,3,Netherlands,3,0,1.2318541539441874
4,3,Norway,3,0,2.060138155648687
4,3,Poland,0,3,0.9258239698018127
4,3,Portugal,0,2,1.1611686158326358
4,3,Slovakia,1,3,1.3467651757364252
4,3,Slovenia,2,3,1.5782724243383777
4,3,Spain,0,0,3.5797458693287063
4,3,Sweden,3,0,1.8057708679827447
4,3,Switzerland,3,0,2.6819722395154186
4,3,Ukraine,0,3,5.002097321430478
4,3,United Kingdom,0,0,1.9679847188326351
4,4,Austria,3,0,1.5080640974299477
4,4,Belgium,3,1,1.0752527631737712
4,4,Bulgaria,0,3,2.0349820087691355
4,4,Croatia,0,3,1.993737981656262
4,4,Czech Republic,3,3,1.3606534568716526
4,4,Denmark,3,1,1.015023855406174
4,4,Estonia,0,3,1.7398634858175377
4,4,Finland,1,0,1.2128131058241114
4,4,Germany,3,0,1.6320120337859318
4,4,Greece,0,3,3.590793658739205
4,4,Hungary,0,3,0.7172220629360866
4,4,Iceland,3,0,2.2112786499269577
4,4,Ireland,3,0,2.3463970145156114
4,4,Italy,3,0,1.2909819992827218
4,4,Latvia,0,3,1.9150647201548958
4,4,Lithuania,0,3,1.6287364532718263
4,4,Luxembourg,3,0,3.526526024792375
4,4,Netherlands,3,0,1.204433570542253
4,4,Norway,3,0,1.9739471564552065
4,4,Poland,0,3,0.9682012753350693
4,4,Portugal,0,2,1.1343819507998592
4,4,Slovakia,1,3,1.3365090378628275
4,4,Slovenia,3,3,1.543806441383278
4,4,Spain,0,0,3.5839538584774924
4,4,Sweden,3,0,1.7578335661482278
4,4,Switzerland,3,0,2.645164172704825
4,4,Ukraine,0,3,5.024120594320667
4,4,United Kingdom,0,0,1.9513137267043559
4,5,Austria,0,0,1.4882024791829151
4,5,Belgium,0,1,1.054521947754769
4,5,Bulgaria,3,3,2.147120501150664
4,5,Croatia,3,3,2.002445138580358
4,5,Czech Republic,0,3,1.3750325288997338
4,5,Denmark,0,1,0.992104704456974
4,5,Estonia,3,3,1.822203896023317
4,5,Finland,2,0,1.228897500548744
4,5,Germany,0,0,1.6230875772176225
4,5,Greece,3,3,3.6246912450980955
4,5,Hungary,3,3,0.7289618590541338
4,5,Iceland,0,0,2.2012961375962186
4,5,Ireland,0,0,2.340633273707337
4,5,Italy,0,0,1.2972449250447504
4,5,Latvia,3,3,1.9500158914547059
4,5,Lithuania,3,3,1.5842621191924695
4,5,Luxembourg,0,0,3.5899723622832784
4,5,Netherlands,0,0,1.281020975760127
4,5,Norway,0,0,2.0741084184120755
4,5,Poland,3,3,1.0585825344045376
4,5,Portugal,3,2,1.1431602840569355
4,5,Slovakia,3,3,1.235117502905754
4,5,Slovenia,0,3,1.5628623331047544
4,5,Spain,3,0,3.5747344638332668
4,5,Sweden,0,0,1.773868088259633
4,5,Switzerland,0,0,2.7429408872618564
4,5,Ukraine,3,3,5.133372849144795
4,5,United Kingdom,2,0,1.9622731421522748
4,6,Austria,3,0,1.3731536057214007
4,6,Belgium,2,0,1.0547165648427799
4,6,Bulgaria,0,3,2.364008491586136
4,6,Croatia,0,3,1.9066890285442384
4,6,Czech Republic,0,0,1.4081895095613546
4,6,Denmark,3,0,0.8945048414070612
4,6,Estonia,0,3,2.1075453239608324
4,6,Finland,3,3,1.2668197936629557
4,6,Germany,3,1,1.696291934343676
4,6,Greece,0,3,3.4590767880297633
4,6,Hungary,0,3,1.0318756905957192
4,6,Iceland,3,0,2.0665139725359167
4,6,Ireland,3,0,2.2912523304092502
4,6,Italy,3,1,1.3827988057649299
4,6,Latvia,0,3,2.2275712817226596
4,6,Lithuania,0,3,1.7484898723875437
4,6,Luxembourg,3,0,3.541362845222917
4,6,Netherlands,3,0,1.2705260825701896
4,6,Norway,3,0,2.1944110118826936
4,6,Poland,0,3,0.9804651945555904
4,6,Portugal,0,3,1.0748726835389346
4,6,Slovakia,0,2,1.2965884177695288
4,6,Slovenia,0,1,1.5562790908341313
4,6,Spain,0,3,3.5818694223631544
4,6,Sweden,3,0,1.898400428291957
4,6,Switzerland,3,0,2.729439956442816
4,6,Ukraine,0,3,5.2771017579480795
4,6,United Kingdom,3,3,1.9831511975114584
4,7,Austria,3,3,1.6911819496526883
4,7,Belgium,2,3,1.1462379347901548
4,7,Bulgaria,0,0,2.1088729273373987
4,7,Croatia,0,0,2.0891545276510994
4,7,Czech Republic,0,3,1.4311928820639588
4,7,Denmark,2,3,1.0990486154260597
4,7,Estonia,0,0,1.7967109782079098
4,7,Finland,3,1,1.2528828770139775
4,7,Germany,2,3,1.6982397825435263
4,7,Greece,1,0,3.664624203893237
4,7,Hungary,0,0,0.7005070612385286
4,7,Iceland,3,3,2.336280208777987
4,7,Ireland,3,3,2.2548547172770217
4,7,Italy,3,3,1.2197418641624902
4,7,Latvia,0,0,1.894264224703754
4,7,Lithuania,0,0,1.5890487060326581
4,7,Luxembourg,3,3,3.7056240569733703
4,7,Netherlands,3,3,1.370947997846603
4,7,Norway,3,3,2.1835935344848103
4,7,Poland,0,0,0.9958953661769386
4,7,Portugal,1,0,1.121475284300322
4,7,Slovakia,0,0,1.2681396347397222
4,7,Slovenia,0,1,1.5512813025985044
4,7,Spain,3,0,3.5358362092684166
4,7,Sweden,3,3,1.8319614821211918
4,7,Switzerland,3,3,2.8416466036069394
4,7,Ukraine,0,0,5.021614814602953
4,7,United Kingdom,3,1,1.9768803180111871
4,8,Austria,3,0,1.4520407750206281
4,8,Belgium,2,0,1.0871885689489833
4,8,Bulgaria,0,3,2.0776094364595914
4,8,Croatia,0,3,1.961095159573224
4,8,Czech Republic,3,3,1.449681265283777
4,8,Denmark,3,0,0.9911657675337725
4,8,Estonia,0,3,1.8116144685512965
4,8,Finland,1,0,1.3052074413074581
4,8,Germany,2,0,1.6848009538758821
4,8,Greece,0,3,3.5551871661365717
4,8,Hungary,0,3,0.7509561337543454
4,8,Iceland,3,0,2.085380293218288
4,8,Ireland,3,0,2.246454078307704
4,8,Italy,3,0,1.3585671206083811
4,8,Latvia,0,3,1.976908243786695
4,8,Lithuania,0,3,1.6498849953636396
4,8,Luxembourg,3,0,3.5354435242390347
4,8,Netherlands,3,0,1.2856730375916352
4,8,Norway,3,0,2.151855946002118
4,8,Poland,0,3,0.9973488752685268
4,8,Portugal,1,3,1.14335258505182
4,8,Slovakia,1,3,1.2754219118153505
4,8,Slovenia,2,3,1.570609637832496
4,8,Spain,3,3,3.615849891073426
4,8,Sweden,3,0,1.8377608240247836
4,8,Switzerland,3,0,2.7131426866775032
4,8,Ukraine,0,3,5.10786586285461
4,8,United Kingdom,2,0,2.0588217479340245
4,9,Austria,3,0,1.3929024031309984
4,9,Belgium,3,0,0.9918927034975392
4,9,Bulgaria,0,3,2.3645160274001444
4,9,Croatia,0,3,2.115992243830986
4,9,Czech Republic,0,0,1.4239480655156336
4,9,Denmark,3,0,0.7934828469715125
4,9,Estonia,0,3,2.10734046316054
4,9,Finland,3,3,1.238036798225251
4,9,Germany,3,1,1.674210581817838
4,9,Greece,0,3,3.594570287838565
4,9,Hungary,0,3,1.0177521960692022
4,9,Iceland,3,0,2.1758238314056553
4,9,Ireland,3,0,2.345192581933798
4,9,Italy,3,1,1.393239903659689
4,9,Latvia,0,3,2.218534606473458
4,9,Lithuania,0,3,1.791620957729309
4,9,Luxembourg,3,0,3.6428408785931135
4,9,Netherlands,3,0,1.2871091381224835
4,9,Norway,3,0,2.270195202236815
4,9,Poland,0,3,1.0046766470208814
4,9,Portugal,1,3,1.153205199758805
4,9,Slovakia,0,2,1.3390390221207586
4,9,Slovenia,0,1,1.587719122922519
4,9,Spain,2,3,3.593945619096421
4,9,Sweden,3,1,1.9218849943949807
4,9,Switzerland,3,0,2.80020503445761
4,9,Ukraine,0,3,5.215631135434366
4,9,United Kingdom,3,3,1.9979744876081063
